/*
SQLyog Professional v13.1.1 (64 bit)
MySQL - 8.0.26 : Database - gym
*********************************************************************
*/

/*!40101 SET NAMES utf8 */;

/*!40101 SET SQL_MODE=''*/;

/*!40014 SET @OLD_UNIQUE_CHECKS=@@UNIQUE_CHECKS, UNIQUE_CHECKS=0 */;
/*!40014 SET @OLD_FOREIGN_KEY_CHECKS=@@FOREIGN_KEY_CHECKS, FOREIGN_KEY_CHECKS=0 */;
/*!40101 SET @OLD_SQL_MODE=@@SQL_MODE, SQL_MODE='NO_AUTO_VALUE_ON_ZERO' */;
/*!40111 SET @OLD_SQL_NOTES=@@SQL_NOTES, SQL_NOTES=0 */;
CREATE DATABASE /*!32312 IF NOT EXISTS*/`gym` /*!40100 DEFAULT CHARACTER SET utf8mb4 COLLATE utf8mb4_0900_ai_ci */ /*!80016 DEFAULT ENCRYPTION='N' */;

USE `gym`;

/*Table structure for table `adminuser` */

DROP TABLE IF EXISTS `adminuser`;

CREATE TABLE `adminuser` (
  `adminId` int NOT NULL AUTO_INCREMENT,
  `adminName` varchar(20) DEFAULT NULL,
  `adminPassword` varchar(256) DEFAULT NULL,
  PRIMARY KEY (`adminId`)
) ENGINE=InnoDB AUTO_INCREMENT=8 DEFAULT CHARSET=utf8mb3;

/*Data for the table `adminuser` */

insert  into `adminuser`(`adminId`,`adminName`,`adminPassword`) values 
(1,'admin','0192023a7bbd73250516f069df18b500'),
(7,'liujian','0192023a7bbd73250516f069df18b500');

/*Table structure for table `chongzhi` */

DROP TABLE IF EXISTS `chongzhi`;

CREATE TABLE `chongzhi` (
  `Id` int NOT NULL AUTO_INCREMENT,
  `Memberid` int DEFAULT NULL,
  `newMoney` float DEFAULT NULL,
  `OriginalMoney` float DEFAULT NULL,
  `Date` datetime DEFAULT NULL,
  `czjine` float DEFAULT NULL,
  PRIMARY KEY (`Id`)
) ENGINE=InnoDB AUTO_INCREMENT=115 DEFAULT CHARSET=utf8mb3;

/*Data for the table `chongzhi` */

insert  into `chongzhi`(`Id`,`Memberid`,`newMoney`,`OriginalMoney`,`Date`,`czjine`) values 
(67,25,500,1,'2023-04-11 16:55:47',500),
(91,35,11,0,'2024-02-29 15:49:07',11),
(92,35,11,0,'2024-02-29 15:50:17',11),
(93,35,1,0,'2024-02-29 15:55:38',1),
(94,35,1655,16,'2024-02-29 16:32:51',1639),
(95,35,12,11,'2024-02-29 16:36:20',1),
(96,35,24,23,'2024-02-29 16:45:59',1),
(99,42,1,0,'2024-03-04 18:14:13',1),
(100,42,61,1,'2024-03-04 18:14:34',60),
(101,42,71,11,'2024-03-04 18:23:57',60),
(102,42,81,21,'2024-03-04 18:24:30',60),
(103,42,91,31,'2024-03-04 18:34:41',60),
(104,42,81,41,'2024-03-05 21:57:20',40),
(105,26,101,1,'2024-03-05 23:07:30',100),
(107,26,51,31,'2024-03-09 23:08:29',20),
(108,26,51,1,'2024-03-09 23:09:21',50),
(109,26,209,21,'2024-03-10 00:02:35',188),
(111,61,350,250,'2024-05-20 13:29:48',100),
(112,60,200,0,'2024-05-21 09:07:15',200),
(113,61,305,300,'2024-05-21 09:32:52',5),
(114,61,355,255,'2024-05-21 09:35:18',100);

/*Table structure for table `classroom` */

DROP TABLE IF EXISTS `classroom`;

CREATE TABLE `classroom` (
  `classroomId` int NOT NULL AUTO_INCREMENT,
  `classroomName` varchar(50) DEFAULT NULL,
  `capacity` int DEFAULT NULL,
  `equipment` varchar(100) DEFAULT NULL,
  `location` varchar(100) DEFAULT NULL,
  PRIMARY KEY (`classroomId`)
) ENGINE=InnoDB AUTO_INCREMENT=15 DEFAULT CHARSET=utf8mb3;

/*Data for the table `classroom` */

insert  into `classroom`(`classroomId`,`classroomName`,`capacity`,`equipment`,`location`) values 
(1,'101',1,NULL,'101'),
(2,'102',45,NULL,'102'),
(3,'103',45,NULL,'103'),
(4,'104',45,NULL,'104'),
(5,'105',45,NULL,'105'),
(7,'106',2,NULL,'2'),
(10,'107',1,NULL,'1');

/*Table structure for table `coach` */

DROP TABLE IF EXISTS `coach`;

CREATE TABLE `coach` (
  `coachId` int NOT NULL AUTO_INCREMENT,
  `coachName` varchar(20) DEFAULT NULL,
  `coachPhone` varchar(50) DEFAULT NULL,
  `coachSex` int DEFAULT NULL,
  `CoachAge` int DEFAULT NULL,
  `CoachData` date DEFAULT NULL,
  `Teach` int DEFAULT NULL,
  `CoachWages` double DEFAULT NULL,
  `CoachAddress` varchar(100) DEFAULT NULL,
  `CoachStatic` int DEFAULT '0',
  `coachPassword` varchar(256) DEFAULT NULL,
  PRIMARY KEY (`coachId`)
) ENGINE=InnoDB AUTO_INCREMENT=21 DEFAULT CHARSET=utf8mb3;

/*Data for the table `coach` */

insert  into `coach`(`coachId`,`coachName`,`coachPhone`,`coachSex`,`CoachAge`,`CoachData`,`Teach`,`CoachWages`,`CoachAddress`,`CoachStatic`,`coachPassword`) values 
(2,'张起灵','13243253432',0,221,'2019-08-02',2,1,'张家古楼',0,'0192023a7bbd73250516f069df18b500'),
(3,'蓝忘机','13324332344',0,20,'2019-08-02',2,2,'云深不知处',0,'0192023a7bbd73250516f069df18b500'),
(4,'ccc','13324245453',1,25,'2023-04-10',3,3,'仙乐国',0,'0192023a7bbd73250516f069df18b500'),
(11,'战士','13342244112',0,182,'2023-05-01',2,4,'长留1234111',1,'0192023a7bbd73250516f069df18b500'),
(12,'白凤九','13433324335',1,20,'2019-10-04',1,5,'青丘',2,'0192023a7bbd73250516f069df18b500'),
(14,'张含','15299985622',1,35,'2023-04-02',5,6,'北京丰台',1,'0192023a7bbd73250516f069df18b500'),
(16,'周命1','15785456231',1,22,'2023-05-06',2,7,'陕西西安',0,'0192023a7bbd73250516f069df18b500');

/*Table structure for table `course_schedule` */

DROP TABLE IF EXISTS `course_schedule`;

CREATE TABLE `course_schedule` (
  `scheduleId` int NOT NULL AUTO_INCREMENT,
  `coachId` int NOT NULL,
  `subId` int NOT NULL,
  `classTime` datetime DEFAULT NULL,
  `courseStatus` int DEFAULT '1',
  `classroomId` int DEFAULT NULL,
  `startTime` datetime DEFAULT NULL,
  `endTime` datetime DEFAULT NULL,
  `purchaseCount` int DEFAULT NULL,
  PRIMARY KEY (`scheduleId`),
  KEY `coach_id_fk` (`coachId`),
  KEY `sub_id_fk` (`subId`),
  KEY `classroom_id_fk` (`classroomId`),
  CONSTRAINT `classroom_id_fk` FOREIGN KEY (`classroomId`) REFERENCES `classroom` (`classroomId`) ON DELETE SET NULL ON UPDATE CASCADE,
  CONSTRAINT `coach_id_fk` FOREIGN KEY (`coachId`) REFERENCES `coach` (`coachId`) ON DELETE CASCADE ON UPDATE CASCADE,
  CONSTRAINT `sub_id_fk` FOREIGN KEY (`subId`) REFERENCES `subject` (`subId`) ON DELETE CASCADE ON UPDATE CASCADE
) ENGINE=InnoDB AUTO_INCREMENT=31 DEFAULT CHARSET=utf8mb3;

/*Data for the table `course_schedule` */

insert  into `course_schedule`(`scheduleId`,`coachId`,`subId`,`classTime`,`courseStatus`,`classroomId`,`startTime`,`endTime`,`purchaseCount`) values 
(9,4,1,NULL,3,1,'2023-04-01 02:00:00','2023-04-01 10:30:00',0),
(11,4,4,NULL,3,2,'2024-04-02 09:00:00','2024-04-02 10:30:00',2),
(13,3,1,NULL,3,4,'2024-03-03 13:35:00','2024-03-04 13:36:00',0),
(15,3,1,NULL,3,7,'2024-04-01 14:23:00','2024-04-01 15:23:00',2),
(16,3,2,NULL,3,2,'2024-04-01 03:25:00','2024-04-01 06:30:00',2),
(17,2,2,NULL,3,1,'2024-04-01 04:43:00','2024-04-01 04:50:00',1),
(18,4,6,NULL,3,1,'2024-03-09 21:43:00','2024-03-09 23:44:00',0),
(19,3,2,NULL,3,3,'2024-03-29 21:47:00','2024-03-29 23:47:00',3),
(20,11,2,NULL,3,7,'2024-03-09 19:36:00','2024-03-09 22:36:00',0),
(22,11,1,NULL,3,2,'2024-03-10 01:01:00','2024-03-10 08:01:00',1),
(23,11,6,NULL,3,2,'2024-03-10 00:05:00','2024-03-10 00:07:00',1),
(24,2,1,NULL,3,1,'2024-04-06 20:47:00','2024-04-06 22:47:00',0),
(25,3,4,NULL,3,3,'2024-04-06 20:51:00','2024-04-06 22:51:00',0),
(26,2,2,NULL,3,1,'2024-04-07 20:51:00','2024-04-20 22:51:00',1),
(29,3,2,NULL,3,2,'2024-05-22 09:16:00','2024-05-22 11:16:00',1);

/*Table structure for table `coursesale` */

DROP TABLE IF EXISTS `coursesale`;

CREATE TABLE `coursesale` (
  `id` bigint NOT NULL AUTO_INCREMENT,
  `scheduleId` int NOT NULL,
  `memberId` int NOT NULL,
  `purchaseDate` datetime NOT NULL,
  PRIMARY KEY (`id`),
  KEY `scheduleId` (`scheduleId`),
  KEY `memberId` (`memberId`),
  CONSTRAINT `coursesale_ibfk_1` FOREIGN KEY (`scheduleId`) REFERENCES `course_schedule` (`scheduleId`),
  CONSTRAINT `coursesale_ibfk_2` FOREIGN KEY (`memberId`) REFERENCES `member` (`MemberId`)
) ENGINE=InnoDB AUTO_INCREMENT=17 DEFAULT CHARSET=utf8mb4 COLLATE=utf8mb4_0900_ai_ci;

/*Data for the table `coursesale` */

insert  into `coursesale`(`id`,`scheduleId`,`memberId`,`purchaseDate`) values 
(2,19,42,'2024-03-05 00:19:55'),
(4,17,25,'2024-03-05 00:23:09'),
(5,16,42,'2024-03-05 21:58:04'),
(6,11,42,'2024-03-05 22:16:01'),
(7,15,42,'2024-03-05 22:58:39'),
(8,19,26,'2024-03-05 23:19:28'),
(9,16,26,'2024-03-05 23:30:47'),
(10,15,26,'2024-03-09 23:09:38'),
(11,22,26,'2024-03-10 00:04:28'),
(12,23,26,'2024-03-10 00:04:56'),
(13,11,26,'2024-03-10 00:12:28'),
(15,26,25,'2024-04-05 23:06:20'),
(16,29,61,'2024-05-21 09:36:41');

/*Table structure for table `device` */

DROP TABLE IF EXISTS `device`;

CREATE TABLE `device` (
  `device_id` int NOT NULL AUTO_INCREMENT,
  `custom_name` varchar(255) DEFAULT NULL,
  `ip` varchar(45) NOT NULL,
  PRIMARY KEY (`device_id`)
) ENGINE=InnoDB DEFAULT CHARSET=utf8mb4 COLLATE=utf8mb4_0900_ai_ci;

/*Data for the table `device` */

/*Table structure for table `equipment` */

DROP TABLE IF EXISTS `equipment`;

CREATE TABLE `equipment` (
  `eqId` int NOT NULL AUTO_INCREMENT,
  `eqName` varchar(20) DEFAULT NULL,
  `count` int DEFAULT NULL,
  PRIMARY KEY (`eqId`)
) ENGINE=InnoDB AUTO_INCREMENT=12 DEFAULT CHARSET=utf8mb3;

/*Data for the table `equipment` */

insert  into `equipment`(`eqId`,`eqName`,`count`) values 
(1,'跑步机',1),
(6,'动感单车',2),
(7,'呼啦圈',100),
(8,'ttt',1),
(11,'测试2',4);

/*Table structure for table `goodinfo` */

DROP TABLE IF EXISTS `goodinfo`;

CREATE TABLE `goodinfo` (
  `id` int NOT NULL AUTO_INCREMENT,
  `goodsid` int DEFAULT NULL,
  `memberid` int DEFAULT NULL,
  `count` int DEFAULT NULL,
  `price` double DEFAULT NULL,
  `remark` varchar(100) DEFAULT NULL,
  PRIMARY KEY (`id`)
) ENGINE=InnoDB AUTO_INCREMENT=16 DEFAULT CHARSET=utf8mb3;

/*Data for the table `goodinfo` */

insert  into `goodinfo`(`id`,`goodsid`,`memberid`,`count`,`price`,`remark`) values 
(9,3,25,2,10,''),
(12,4,26,5,5,''),
(14,5,34,6,30,''),
(15,2,37,2,10,'');

/*Table structure for table `goods` */

DROP TABLE IF EXISTS `goods`;

CREATE TABLE `goods` (
  `goodsId` int NOT NULL AUTO_INCREMENT,
  `goodsName` varchar(50) DEFAULT NULL,
  `unit` varchar(20) DEFAULT NULL,
  `unitPrice` double DEFAULT NULL,
  `sellPrice` double DEFAULT NULL,
  `inventory` int DEFAULT NULL,
  `remark` varchar(100) DEFAULT NULL,
  PRIMARY KEY (`goodsId`)
) ENGINE=InnoDB AUTO_INCREMENT=9 DEFAULT CHARSET=utf8mb3;

/*Data for the table `goods` */

insert  into `goods`(`goodsId`,`goodsName`,`unit`,`unitPrice`,`sellPrice`,`inventory`,`remark`) values 
(2,'可口可乐','瓶',2,5,48,'1'),
(3,'百事可乐','瓶',2,5,3,''),
(4,'小布丁雪糕','根',0.5,1,13,''),
(5,'压缩饼干','块',2,5,24,''),
(7,'脉动','瓶',3,6,0,''),
(8,'毛巾','个',10,20,0,'');

/*Table structure for table `loos` */

DROP TABLE IF EXISTS `loos`;

CREATE TABLE `loos` (
  `loosId` int NOT NULL AUTO_INCREMENT,
  `loosName` varchar(20) DEFAULT NULL,
  `loosImages` varchar(50) DEFAULT NULL,
  `loosAddress` varchar(50) DEFAULT NULL,
  `loosjdate` datetime DEFAULT NULL,
  `loosStatus` int DEFAULT NULL,
  `scavenger` varchar(50) DEFAULT NULL,
  `scavengerPhone` varchar(50) DEFAULT NULL,
  `ReceiveName` varchar(20) DEFAULT NULL,
  `ReceivePhone` varchar(20) DEFAULT NULL,
  `loosldate` datetime DEFAULT NULL,
  `admin` varchar(50) DEFAULT NULL,
  PRIMARY KEY (`loosId`)
) ENGINE=InnoDB AUTO_INCREMENT=13 DEFAULT CHARSET=utf8mb3;

/*Data for the table `loos` */

insert  into `loos`(`loosId`,`loosName`,`loosImages`,`loosAddress`,`loosjdate`,`loosStatus`,`scavenger`,`scavengerPhone`,`ReceiveName`,`ReceivePhone`,`loosldate`,`admin`) values 
(1,'车钥匙','1','厕所门口','2023-04-10 00:00:00',1,'张三','13355660000','22','25525','2023-04-12 00:00:00','admin'),
(6,'手机','1','前台','2023-05-01 00:00:00',1,'王能','15299952320','张宏','15899965478','2023-05-02 00:00:00','admin'),
(7,'钱包','1','动感单车旁','2023-05-01 00:00:00',0,'李镇','15966325478',NULL,NULL,NULL,'admin'),
(8,'包','1','门口','2023-05-02 00:00:00',0,'刘伟','15326587548',NULL,NULL,NULL,'admin'),
(9,'1','1','1','2024-03-02 00:00:00',0,'1','15266668585',NULL,NULL,NULL,'admin'),
(10,'1','1','1','2024-03-16 00:00:00',1,'1','13243253432','1','13243253432','2024-03-10 00:00:00','admin'),
(11,'12','1','2','2024-03-15 00:00:00',1,'2','15266528548','1','13243253432','2024-02-28 00:00:00','admin'),
(12,'测试','1','测试','2024-05-21 00:00:00',1,'换行','13536967225','取回测试','13536967226','2024-05-21 00:00:00','admin');

/*Table structure for table `member` */

DROP TABLE IF EXISTS `member`;

CREATE TABLE `member` (
  `MemberId` int NOT NULL AUTO_INCREMENT,
  `MemberName` varchar(63) CHARACTER SET utf8 COLLATE utf8_general_ci DEFAULT NULL,
  `MemberPhone` varchar(20) DEFAULT NULL,
  `MemberSex` int DEFAULT NULL,
  `MemberAge` int DEFAULT NULL,
  `MemberTypes` int DEFAULT NULL,
  `NenberDate` timestamp NULL DEFAULT CURRENT_TIMESTAMP,
  `Birthday` varchar(20) DEFAULT NULL,
  `memberStatic` int DEFAULT NULL,
  `Memberbalance` float DEFAULT '0',
  `Memberxufei` timestamp NULL DEFAULT CURRENT_TIMESTAMP,
  `groud_id` int DEFAULT NULL,
  `face_id` varchar(31) DEFAULT NULL,
  `face_feature` blob,
  `update_time` date DEFAULT NULL,
  `memberPassword` varchar(256) DEFAULT NULL,
  PRIMARY KEY (`MemberId`),
  KEY `fk-member-membertype` (`MemberTypes`),
  CONSTRAINT `fk-member-membertype` FOREIGN KEY (`MemberTypes`) REFERENCES `membertype` (`TypeId`)
) ENGINE=InnoDB AUTO_INCREMENT=75 DEFAULT CHARSET=utf8mb3;

/*Data for the table `member` */

insert  into `member`(`MemberId`,`MemberName`,`MemberPhone`,`MemberSex`,`MemberAge`,`MemberTypes`,`NenberDate`,`Birthday`,`memberStatic`,`Memberbalance`,`Memberxufei`,`groud_id`,`face_id`,`face_feature`,`update_time`,`memberPassword`) values 
(25,'流汗','13456789087',1,22,2,'2023-04-07 00:00:00','04-07',2,355,'2023-04-07 00:00:00',NULL,NULL,NULL,NULL,'0192023a7bbd73250516f069df18b500'),
(26,'Tom1','15266668585',0,24,5,'2023-04-07 00:00:00','04-07',1,79,'2024-06-06 00:00:00',NULL,NULL,NULL,NULL,'0192023a7bbd73250516f069df18b500'),
(34,'王泽明','17858966255',1,19,5,'2023-04-07 00:00:00','04-07',2,820,'2023-04-07 00:00:00',NULL,NULL,NULL,NULL,'0192023a7bbd73250516f069df18b500'),
(35,'张红','18799256874',0,23,1,'2023-04-07 00:00:00','04-07',2,24,'2023-04-07 00:00:00',NULL,NULL,NULL,NULL,'0192023a7bbd73250516f069df18b500'),
(37,'王芳','15299950487',0,22,3,'2023-04-07 00:00:00','04-07',2,990,'2023-04-07 00:00:00',NULL,NULL,NULL,NULL,'0192023a7bbd73250516f069df18b500'),
(42,'jerry','15266528549',1,20,5,'2023-04-07 00:00:00','04-07',2,16,'2024-05-01 00:00:00',NULL,NULL,NULL,NULL,'0192023a7bbd73250516f069df18b500'),
(43,'方蓝','13456789876',0,22,5,'2023-04-07 00:00:00','04-07',2,0,'2023-04-07 00:00:00',NULL,NULL,NULL,NULL,'0192023a7bbd73250516f069df18b500'),
(44,'赵静','15288888888',0,25,3,'2023-04-07 00:00:00','04-07',2,0,'2023-04-07 00:00:00',NULL,NULL,NULL,NULL,'0192023a7bbd73250516f069df18b500'),
(45,'孙戏','18566584785',1,35,3,'2023-04-07 00:00:00','04-07',2,0,'2023-04-07 00:00:00',NULL,NULL,NULL,NULL,'0192023a7bbd73250516f069df18b500'),
(53,'王芳','15299950487',0,22,3,'2023-04-07 00:00:00','04-07',2,990,'2023-04-07 00:00:00',NULL,NULL,NULL,NULL,'0192023a7bbd73250516f069df18b500'),
(54,'李华雄','15266668585',1,1,2,'2024-02-29 00:00:00','02-29',2,0,'2024-02-29 00:00:00',101,'pduhiehp80','\0D\0\0A>~%=<A=8>;=d<>]ZƼ(LY=\'>X==[w\'<@==PxdG:d\n=\\.=8IV=U~<]=υ<^˽F=3=}ߚ=?(g̼ݽ V=<ڽ;߼VF<13s߻魽ȽX=׼=A<J]939לuýUEe.=/m:r>G:<%j;k<nx\"\'1=j=mC!=sp=Tʎ=B경y+3վڌѼ\Zۻ:\Z]=PRȼ=2==\":=h;<W=5޻)<%G=M=^	=_<H<-d2[=>a8;=t;HռN?]=!<P}7*;騁<k>e<b;|%;a=?<gz>|<E<k(l<2))=<c{=>=W<=g6U	>Y=wX==g;]=I<L2=iD7=C<A<͌DнW<Z/)L=tv;ǝ!<18=Cm ߼c=J/=݂Ͳ)y=PH 3>=L=y,=;_m9\0/ɽ=ۿv=%\Z=ϥ=ޑoԱ=-Ni=a׽递Q(;=r!(ʽ,=L;# =!\'}Mjμ<c=\"=O&N3f<N9=*=\nQt=#=\0[3<eTj,f=ru:=ó=1<ҽ:&`o9=㜽%>k.d-;Ɍ=y=^*>5N=*\\h>O=ڢ [==7<4=^Ha=>ס','2024-02-29','c81e728d9d4c2f636f067f89cc14862c'),
(56,'张丽娟','15266668585',1,2,2,'2024-02-29 00:00:00','02-29',2,0,'2024-02-29 00:00:00',101,'zyphb2v2dg','\0D\0\0AY=*=nH=u<}\r=_n=_I-<\Z7\0>\\\\=C<ڀU=kP=rK0%żN:30<mP=\\-<=F=W=-z,=\\Y|W=Q@\"lSze;pCW)c6#μZmܷ1\Z*_Spּ=~<F;gm%R@[\0],:=s`~e=\"=6#= <J0ؽ.:`:%=`\Z;>`ߧۼl>:ka=/S=#i<3	y=z.r$ಕ$=^F<:!J==b\n=&<弊;M-0=G=(J <^Ɲ=P;<n<&;\n\rg=W׻0AHa=#,=\Z<L(I=e=;ؗ<.<ܹWR=ϥK<;Q7q=\n==MS#)N=;bY=/b=<(=k<DX;~<:z=Cn)=<=!zB=cXan&\\ہ z\'#=\'Pwɽ࡙2=@=<qX;$<\\>=<׽Hǽ=A=s!Y=,a=rER1䑽E<\nJo=Q=K=z<g\"?<Q=>߰x$gހ3=\nҽ<\rr<ݘQ<ۊ$U;b<;G=:<86jr}=P`vU$===Pu\':!^Iw=Yѽ*\0<uR<=\ZۼEw=seS= 5-<Z׼3<i2=~<\0>\07Ct>\0<GY<Lp==&<P#r.>2','2024-02-29','eccbc87e4b5ce2fe28308fd9f2a7baf3'),
(60,'刘宇航','15266668585',1,6,2,'2024-03-01 00:00:00','03-01',1,50,'2024-06-20 00:00:00',101,'897y6c3dpf','\0D\0\0A|<\"ȝ===Um޼¼=G=x>l	X=܋ء>J\n>==;\'9r>V=bY[Yڼ\nD\"=Ӏ==ͼ՚G=5?k1<.x-Co=Y\'˽\"%%9=bpԼV=RL$;Oݻɽ{oe\0Nu#; .<z^/k友=\\=Ġ=r%g^g=^״<µbN=JmK=>W<p<\0=( !8I09=52tս=̼4Y:h;=t=J9$:đ=e<_V==V=$2<f<=M=<攼mUv<+<\r<+V-E<]o=:.=xSXm=axH=	=*\"ݽ둽U<\n=c~=3;s#=IYO<<?X=F<2ά=*V{g=E6<\"E=r;=<g=J]==PUf=\0Vqf=,=fiｲe\r<壼b!-=;b>}<%=q\'\"ҽ<\'_=\'<rSVO%C=$򜽃@=`=#<J=|7p+寽͞9EQ==WbPzo=^ٹC=|5=н,BF=R`s;a<g=\01\n=$\r᤬=ʻ=ѡ=.^pLe=\Z\nYyjXK&g=N=NN=wb%=`U=K#$<M=8K=P=E鹼&#E=T=jy<bi=G<j\'=^F8%8>g;=C','2024-03-01','1679091c5a880faf6fb5e6087eb1b2dc'),
(61,'卢固智','15266528549',1,19,5,'2024-03-09 00:00:00','04-01',1,270,'2024-06-10 00:00:00',101,'ym8a5u1u6c','\0D\0\0AS9a\n#Lδ5M6=m,{f=Rȼw==\n<;Ŭ=RUu=\0μ<8<TxU<Y=}<;=裼&<\';=ܽC=Ui&\0y|=l)M_<M=fɽ=㙽__ޤW,+~=ㆽ5<&y<S/;w̽@\Z;=r:/5=R=,=M=9ǢQM<.1	ϼ=v䎽q<o=Ї\Z+X;%;&Zl\'}:`<<M3oPilq=FVϼ?=AI<ç\0=ƛ<cy;=k{p=ؖ2;IN=g-?\nh><7$=II`<;C+׌ELJ=G=`6k=½9ȽU<-=|+n<v=/=\n<ҰN:Ձ.4<VԵ<=A=\\<U=?==J==ƴ=B`=&=ox==؍8<w>a=xlᑼ}T*:g<|ʼ%BN=[}=n]ڲ5e:=킵]@=.<={\"=}I	>\nT2=.\'nμP:YU;{\n=c==0=e̻I<Gr@=c=wA=/r=<:=%3O7=\\=;AŽ-\r	<	`ʯ;$D=k<Ğ={z\'\\=||<\"f>yZz<%Y;o5j;{<w&ٽؑ=>*ԽJrˌ=ɯ=9\0%`<7<wս=ڀҼA%]ѝ<Kc=|;X>I:ق<@>,<թc(s=R=y=s伮1\n\r>kw(','2024-03-09','0192023a7bbd73250516f069df18b500'),
(74,'q','13536967226',1,1,2,'2024-05-24 12:56:01','05-27',2,0,'2024-05-24 12:56:01',101,'dn25akfllo','\0D\0\0AVὓd=c&ũ<OW1{\"=Yۼ)jZ%>4L={_뼛Խւ%-f<p2<J>:K;-<Zzeּa=dkmh:/<%)<ꇫ=3\"4xM=p;?%=;&=V;=+\\<}E2>)=`=.==<76E[[;dJ=3qgR<=/.=1ǎ=	bq<D4\r<6@=!=]OM{)nߨu=e5=݅{N=D=i\n>uꭐ=0pq<B_5=1[= 5>:=z*+)><jWټ;OC=5>>轂g\'AmW<7j=O\\üi9{|=q:#k=<w\"=zU<e=:{Yb^2<~=(<A~<R0*=	нb=R~=7u><>gHN`({<a3F;Ivc˘=CJyZ AnzW<ՑfZ\"?>>ԺF%~<=<Q]<I<	.5=o=<@=3:j;+T6I98I=m\Z\"<aUE<&r=R<|K @==NNwH=%=C{<׸N5q<μm{=y7$f:B\r=\ZQVGA<p=<=2<>&\r<4tc=5l=o;1)==d2`\"t;y;^<eS2=1K=)o<.I<u==SJ=ʂ=KS<ZXн9=S?E<<\'L[}P\Z=g=_#=N\Z@=Ժ6|j&=,{<ţeh(!=~=\0 !=R=~<','2024-05-24','0192023a7bbd73250516f069df18b500');

/*Table structure for table `membertype` */

DROP TABLE IF EXISTS `membertype`;

CREATE TABLE `membertype` (
  `TypeId` int NOT NULL AUTO_INCREMENT,
  `TypeName` varchar(20) DEFAULT NULL,
  `TypeciShu` int DEFAULT NULL,
  `TypeDay` int DEFAULT NULL,
  `Typemoney` float DEFAULT NULL,
  PRIMARY KEY (`TypeId`)
) ENGINE=InnoDB AUTO_INCREMENT=9 DEFAULT CHARSET=utf8mb3;

/*Data for the table `membertype` */

insert  into `membertype`(`TypeId`,`TypeName`,`TypeciShu`,`TypeDay`,`Typemoney`) values 
(1,'季卡',0,90,500),
(2,'月卡',0,30,150),
(3,'年卡',0,365,1000),
(5,'周卡',0,7,50);

/*Table structure for table `person` */

DROP TABLE IF EXISTS `person`;

CREATE TABLE `person` (
  `person_id` int NOT NULL AUTO_INCREMENT,
  `image_url` varchar(45) DEFAULT NULL,
  `person_name` varchar(45) NOT NULL,
  `power` int DEFAULT NULL,
  PRIMARY KEY (`person_id`)
) ENGINE=InnoDB DEFAULT CHARSET=utf8mb4 COLLATE=utf8mb4_0900_ai_ci;

/*Data for the table `person` */

/*Table structure for table `privatecoachinfo` */

DROP TABLE IF EXISTS `privatecoachinfo`;

CREATE TABLE `privatecoachinfo` (
  `pid` int NOT NULL AUTO_INCREMENT,
  `memberid` int DEFAULT NULL,
  `coachid` int DEFAULT NULL,
  `subjectid` int DEFAULT NULL,
  `count` int DEFAULT NULL,
  `countprice` double DEFAULT NULL,
  `realprice` double DEFAULT NULL,
  `date` date DEFAULT NULL,
  `state` int DEFAULT NULL,
  `remark` varchar(20) DEFAULT NULL,
  `admin` varchar(20) DEFAULT 'asdf',
  PRIMARY KEY (`pid`),
  KEY `fk_pri_subject` (`subjectid`),
  KEY `fk_pri_coach` (`coachid`),
  KEY `fk_pri_member` (`memberid`),
  CONSTRAINT `fk_pri_coach` FOREIGN KEY (`coachid`) REFERENCES `coach` (`coachId`),
  CONSTRAINT `fk_pri_member` FOREIGN KEY (`memberid`) REFERENCES `member` (`MemberId`),
  CONSTRAINT `fk_pri_subject` FOREIGN KEY (`subjectid`) REFERENCES `subject` (`subId`)
) ENGINE=InnoDB AUTO_INCREMENT=18 DEFAULT CHARSET=utf8mb3;

/*Data for the table `privatecoachinfo` */

insert  into `privatecoachinfo`(`pid`,`memberid`,`coachid`,`subjectid`,`count`,`countprice`,`realprice`,`date`,`state`,`remark`,`admin`) values 
(3,25,16,1,1,200,30,'2023-04-07',1,'fg','aa'),
(13,26,14,2,22,660,500.5,'2023-04-15',1,'','asdf'),
(16,34,11,1,5,150,200,'2023-05-02',1,'','asdf'),
(17,25,4,5,5,100,100,'2023-05-01',1,'','asdf');

/*Table structure for table `record` */

DROP TABLE IF EXISTS `record`;

CREATE TABLE `record` (
  `record_id` int NOT NULL AUTO_INCREMENT,
  `device_id` int NOT NULL,
  `image_url` varchar(45) NOT NULL,
  `person_id` int NOT NULL,
  `result` bit(1) NOT NULL,
  `time` varchar(45) NOT NULL,
  PRIMARY KEY (`record_id`)
) ENGINE=InnoDB DEFAULT CHARSET=utf8mb4 COLLATE=utf8mb4_0900_ai_ci;

/*Data for the table `record` */

/*Table structure for table `renewalrecords` */

DROP TABLE IF EXISTS `renewalrecords`;

CREATE TABLE `renewalrecords` (
  `RecordId` int NOT NULL AUTO_INCREMENT,
  `TypeId` int NOT NULL,
  `MemberId` int NOT NULL,
  `OriginalBalance` float NOT NULL,
  `NewBalance` float NOT NULL,
  `RenewalTime` timestamp NULL DEFAULT CURRENT_TIMESTAMP,
  PRIMARY KEY (`RecordId`),
  KEY `TypeId` (`TypeId`),
  KEY `MemberId` (`MemberId`),
  CONSTRAINT `renewalrecords_ibfk_1` FOREIGN KEY (`TypeId`) REFERENCES `membertype` (`TypeId`),
  CONSTRAINT `renewalrecords_ibfk_2` FOREIGN KEY (`MemberId`) REFERENCES `member` (`MemberId`)
) ENGINE=InnoDB AUTO_INCREMENT=30 DEFAULT CHARSET=utf8mb4 COLLATE=utf8mb4_0900_ai_ci;

/*Data for the table `renewalrecords` */

insert  into `renewalrecords`(`RecordId`,`TypeId`,`MemberId`,`OriginalBalance`,`NewBalance`,`RenewalTime`) values 
(14,5,25,390,340,'2024-02-29 13:40:23'),
(15,2,25,390,240,'2024-02-29 13:45:04'),
(16,5,25,390,340,'2024-02-29 13:47:52'),
(17,2,25,390,240,'2024-02-29 13:48:48'),
(19,2,25,390,240,'2024-03-04 18:15:04'),
(20,5,42,61,11,'2024-03-04 18:22:36'),
(21,5,42,71,21,'2024-03-04 18:24:06'),
(22,5,42,81,31,'2024-03-04 18:25:25'),
(23,5,42,91,41,'2024-03-04 18:34:53'),
(24,5,61,300,250,'2024-03-09 21:50:40'),
(25,5,26,51,1,'2024-03-09 23:08:42'),
(26,5,61,350,300,'2024-05-20 13:30:28'),
(27,2,60,200,50,'2024-05-21 09:07:53'),
(28,5,61,305,255,'2024-05-21 09:33:23'),
(29,5,61,355,305,'2024-05-21 09:36:01');

/*Table structure for table `reservation` */

DROP TABLE IF EXISTS `reservation`;

CREATE TABLE `reservation` (
  `reservationId` bigint NOT NULL AUTO_INCREMENT,
  `eqId` int NOT NULL,
  `date` date NOT NULL,
  `session` varchar(50) NOT NULL,
  `memberId` int NOT NULL,
  PRIMARY KEY (`reservationId`),
  KEY `eqId` (`eqId`),
  KEY `memberId` (`memberId`),
  CONSTRAINT `reservation_ibfk_1` FOREIGN KEY (`eqId`) REFERENCES `equipment` (`eqId`),
  CONSTRAINT `reservation_ibfk_2` FOREIGN KEY (`memberId`) REFERENCES `member` (`MemberId`)
) ENGINE=InnoDB AUTO_INCREMENT=25 DEFAULT CHARSET=utf8mb4 COLLATE=utf8mb4_0900_ai_ci;

/*Data for the table `reservation` */

insert  into `reservation`(`reservationId`,`eqId`,`date`,`session`,`memberId`) values 
(6,1,'2024-03-09','19:00-23:00',26),
(7,6,'2024-03-08','14:30-17:00',34),
(8,6,'2024-03-09','14:30-17:00',42),
(9,6,'2024-03-09','14:30-17:00',26),
(10,7,'2024-03-09','14:30-17:00',60),
(12,1,'2024-03-09','14:30-17:00',42),
(14,1,'2024-03-10','9:00-11:40',34),
(15,6,'2024-03-10','14:30-17:00',35),
(19,1,'2024-04-06','14:30-17:00',26),
(21,1,'2024-04-06','19:00-23:00',25),
(23,1,'2024-05-23','14:30-17:00',61);

/*Table structure for table `signinrecord` */

DROP TABLE IF EXISTS `signinrecord`;

CREATE TABLE `signinrecord` (
  `ID` int NOT NULL AUTO_INCREMENT,
  `MemberName` varchar(255) NOT NULL,
  `SignInTime` timestamp NOT NULL DEFAULT CURRENT_TIMESTAMP,
  PRIMARY KEY (`ID`)
) ENGINE=InnoDB AUTO_INCREMENT=53 DEFAULT CHARSET=utf8mb4 COLLATE=utf8mb4_0900_ai_ci;

/*Data for the table `signinrecord` */

insert  into `signinrecord`(`ID`,`MemberName`,`SignInTime`) values 
(1,'张三','2023-03-01 08:00:00'),
(4,'111111','2024-02-26 06:58:29'),
(5,'111111','2024-02-26 07:08:18'),
(6,'111111','2024-02-26 07:15:06'),
(7,'111111','2024-02-26 15:52:44'),
(21,'111111','2024-02-26 23:39:56'),
(25,'111111','2024-02-27 22:20:50'),
(26,'111111','2024-02-28 14:23:51'),
(27,'111111','2024-02-28 14:23:51'),
(28,'111111','2024-02-28 14:43:21'),
(29,'111111','2024-03-09 19:50:09'),
(30,'9','2024-04-03 13:44:22'),
(31,'ttt1','2024-04-03 13:44:34'),
(49,'卢固智','2024-05-20 14:21:41'),
(50,'卢固智','2024-05-21 09:03:49'),
(51,'卢固智','2024-05-24 12:56:08'),
(52,'q','2024-05-24 12:56:16');

/*Table structure for table `subject` */

DROP TABLE IF EXISTS `subject`;

CREATE TABLE `subject` (
  `subId` int NOT NULL AUTO_INCREMENT,
  `subname` varchar(20) DEFAULT NULL,
  `sellingPrice` double DEFAULT NULL,
  PRIMARY KEY (`subId`)
) ENGINE=InnoDB AUTO_INCREMENT=10 DEFAULT CHARSET=utf8mb3;

/*Data for the table `subject` */

insert  into `subject`(`subId`,`subname`,`sellingPrice`) values 
(1,'健身球',30),
(2,'跑步机',35),
(4,'压力车',50),
(5,'仰卧起坐',20),
(6,'健身操',50),
(7,'1',1);

/*Table structure for table `user` */

DROP TABLE IF EXISTS `user`;

CREATE TABLE `user` (
  `user_id` int NOT NULL,
  `user_password` varchar(255) DEFAULT NULL,
  PRIMARY KEY (`user_id`)
) ENGINE=InnoDB DEFAULT CHARSET=utf8mb4 COLLATE=utf8mb4_0900_ai_ci;

/*Data for the table `user` */

/*Table structure for table `user_face_info` */

DROP TABLE IF EXISTS `user_face_info`;

CREATE TABLE `user_face_info` (
  `id` int NOT NULL AUTO_INCREMENT COMMENT '主键',
  `group_id` int DEFAULT NULL COMMENT '分组id',
  `face_id` varchar(31) DEFAULT NULL COMMENT '人脸唯一Id',
  `name` varchar(63) DEFAULT NULL COMMENT '名字',
  `age` int DEFAULT NULL COMMENT '年纪',
  `email` varchar(255) DEFAULT NULL COMMENT '邮箱地址',
  `gender` smallint DEFAULT NULL COMMENT '性别，1=男，2=女',
  `phone_number` varchar(11) DEFAULT NULL COMMENT '电话号码',
  `face_feature` blob COMMENT '人脸特征',
  `create_time` timestamp NOT NULL DEFAULT CURRENT_TIMESTAMP,
  `update_time` timestamp NOT NULL DEFAULT CURRENT_TIMESTAMP ON UPDATE CURRENT_TIMESTAMP COMMENT '更新时间',
  `fpath` varchar(255) DEFAULT NULL COMMENT '照片路径',
  PRIMARY KEY (`id`) USING BTREE,
  KEY `GROUP_ID` (`group_id`) USING BTREE
) ENGINE=InnoDB AUTO_INCREMENT=21 DEFAULT CHARSET=utf8mb4 COLLATE=utf8mb4_0900_ai_ci ROW_FORMAT=DYNAMIC;

/*Data for the table `user_face_info` */

insert  into `user_face_info`(`id`,`group_id`,`face_id`,`name`,`age`,`email`,`gender`,`phone_number`,`face_feature`,`create_time`,`update_time`,`fpath`) values 
(9,101,'9wxxc9sfl3','1',NULL,NULL,NULL,NULL,'\0D\0\0A(={3;<o\"=7@=̈=黲\0=}*Ug=\\>r<s=\'y=n0=}iA=r=;ipڭA=>ZJ=*3=K\'<ļ<.l=kю<;=὿[ܽ=Y;*h39*.C;J7;1<ϻFk<4̻lֽ|@==\ne<u=o:氅D\0>M=_ۖ=4Wa<U trtAi=ж.,7+=~J!=7<d\\̼<dսp_Ľ3=\0l\"v^=. <+X)ћ<5\\<;%==Ľ\"C>@%=UϽV\0=z=q\"=̹=V=ڕ5x޼عc2=6/=ɱ=ꊬ=fo=KNœ@:ڥ*zl=]׉=	C=3=#<<p$ <)6<<=σ=<UO箮=:=P=<2=ayy-==Q);`-=iλǺd=R<ߎ=*>\'Q>:w[=<:2\rR<6F}W==|tGK8*$%>3N=.5N\rY23>\Z2ڽ_^L=?/=\"g<nǽa<P5Y<ypv<z:<\0\">At֘b=NC}͍@a=R5=j\nǼs$/=0=`l=/:ӼB-=GüE=!^=ǩ;b}ս;6)=z=̈h=R=Ε뽝b<ڽU=/kw>=L軽Nu:9J(u\n>^YZ2V<=[,=>\\%<V=RE=E=Ͻd$;,=<#<U=<ٰ;B<?ɽj悔{5Q>H*=W','2024-01-28 21:42:55','2024-01-28 21:42:55',NULL),
(10,101,'lg3l5buyng','11',NULL,NULL,NULL,NULL,'\0D\0\0A9>{=Ľ`=k=>Z{<d.<CĲ=<-\"\'=ŧ=<+)FŦ=FwZ=Z޼b=VY=@;=Ƣj=+}(by#=-,=@c\ZDͻH\r*㍽6$A=0=Y<gKм2=X==C>6=9=<bq<1=Vý4Ooe=:=/ټ\ry=ݗE<>e%=Ǎ<=\"!R%Fv\'_=轭<sFX@;݇<`.۞¼7Ɛ=>Ѳ<W\"t==߼:=s=<<|\r<Q5=_>5\\< E=<8\"}a켰ҫ=BI󖽀l=\r>65{LW]R=s޼=jz=oOdz=	>B=\'<= C?<8<Vh<aS؁TսI==>娽μ=|=˥<ީ;u;	SM<<S<A<h==~ ͻ5=>>j9ҽRQ=<%=x=Rݽ*}<=\n=mjJ=9aʼL6<Z<Ҽ{ioU!=۠;b<\0>1!{<vbȽK¼CA=Ǽ6ʼv=S]6{ѽ=\Z><Jg=;<6Zν_<&\n<Ͻ.>?２=;\\%=j=drH=]z<!=]K^e<_=jbP<x޼-ֽCϽɸ<0?\'=+i̈f=zlԟ	X=)ڭ1=z<<=/=$=;n@=rq=B\'f|=E;lN=!S]<{W<<=N+oMS~=9=8','2024-01-28 21:59:27','2024-01-28 21:59:27',NULL),
(11,101,'1zlxtyaein','111',NULL,NULL,NULL,NULL,'\0D\0\0A,k=v:=F\\l<ƿ<M=9=eS=\'ߔ=9L m;3]	0>)=c9<j<=<Sq=V=@}=b(oJRּ~D$>e˨0=<r<n&lU=n;<>=oڽ}@=+ =+	0\'<<8!<.W*;5<V<!ܦᘽ#-=ư\n+*lH=?ټL콾k:Q\n<k;{*>_n=H=]Luͽe߽Eo<g=\r==6E\ZI<j\0=Ti:I.~<t+MU=VɃ=k.;\0X<Oo%\"B=?==Dșf=`!=!ڽf\Z5<ؽۭlyM^ O=c7	&9C 2==>	g=B=%pW~ZOI9<<%==<l=\"w=\\\'	^G8yo=̆>{޼ü=-q=<Ν= \\<\"<R<>U=\\ȼ<K=<=A>;0Ƚc<:$\'1A;oP<<.z_½⬽2\"=a`EżA>JpksNl=jؼيW=7!-<AG\n1	<IhzV<<X<sj<F<.@k=Kż/c=T~wj=\\<Y\\pʘ=Cfǻ<`=O=!5蕽yQU=Ƭ<$b=om:H<>ڽc/=y|Џ1I=ѽ齆m=P=N;u㼁D=\"-\r\"=%$@=y=f	>t*:>\n-1b+C;,=A=O}e4==i&S<)b%LF>N+=','2024-01-29 22:56:12','2024-01-29 22:56:12',NULL),
(12,101,'44q9nixix8','55',NULL,NULL,NULL,NULL,'\0D\0\0AA;xqOC=r^=D=;=:M<liM\nש=S/==#$[=O<d==4A=F=g\'=+<F_0=\Zs>r=[<d98=8^⽜==޽7N=a;g;u8<a:qjJ=?hO:\r-<۸dǽzr3=Dv;J\n۽;=RY~<K_5>vۨ=w(=\"<8oU \ZF<_SKMѐ>;J;(E<:;}ą+=M?*r?\\=c\nZ<j:<mL=	=<=<|@x=d=$E<懪=A\n+4<=#ɽf*9KZ$,=-Z=\r=O=O/	sͻ?`<zX<m=ނ<S=OԒ<</S3ތvm;S;=G=;B13q=ftd=o>*Xӹ===rEF<I׻=<T=B>;н<d_<WU*~B	b=d=4*7WLA{KOx1\'>;=\'<<.>V5c=^L=D7<_=m} Xż_.<*,=_<DW,s]j#&:=L=\Z=<G\0w!a=82\rý#=[~<cΔ=Ջ2=$V>!Ǽ?=g=vw=(=pU#1C:kwmIw+Yi`=HYj/`=üe\rLPp=~{&=yb=f=nۄ=n=8ѽ;aVƻne=YC=蝛<=I<K<۽oB3>r<L','2024-01-29 22:57:51','2024-02-16 22:18:29',NULL),
(17,101,'ufra1drnn7','00',NULL,NULL,NULL,NULL,'\0D\0\0AL&>=pq<\Z<*_=kH=):=L=4ؽ8խ$<!>\\IE==%E=q\r=dc=FN=Z=ň=o7u=wܺ,,<t:;各=:Y1<5`a/=м;1<<	`RT=z:==\'bPJNu\"ᒽLּ\r<A-=[<\0⪆=4=ֹ\Z7<9=?!L$==j)4o<A;DG&};νRП\Z2=e;M11<VW<o=F= -;o%(EP</=w}.=S=С;M@FTu\r<z=9=K=R(lO=	 ;]=Y<C=\nһ4ܭ=j\r>IkeԽG޼ᦼF=[ݟߟ;>\'=<چ;j==!޶<U=\'SмT5=kR=}c=Ξ=9\n9=:=< =Gؠi^=y!q2<L+cq@<@Y=Š=\ZoN׽\0D&<Fȼ~q,=\"S<D/=ZDZjN<\r;k*@ߩ<!iIn=*k,c<~<`<E޽B.dý	jE=t.>NP<&=>ͱ{D:UX=uU<A=KFײ<YE=W;?> hCTkJ=!\nh=j=|-z&72<@;U$i=Z&Tt<=9<d<[3=<\'*=Z){<{==zH=>罢2>\r_=a]<X$(B=d;','2024-02-16 14:53:59','2024-02-16 14:53:59',NULL),
(18,101,'rlv7vaf9bs','77',NULL,NULL,NULL,NULL,'\0D\0\0Ay=4=sޏ<e2h퍽O=<2> U;`\07==ŌF\Z=]zw=<_WEQ~!7\0(R!=+< <=E 3=E=sW=	q/UzüᨽT7=@~~<	:~0<&;R;@|=B=62b<y]=GU.𽓊O!=U<~y=|<\n\r=0<+ݮ!=!;ʻ;-<NmL=MJ;ظ<[Qi\r*OIϻ\nH>0<~~<_=Ϥ<B`nvJ=K=O===1svB=<>\\<<aUd	=헐=1iUn=}AH|IL==0=Q/qw̽<\n;nк=V\n;==pH1+ͼuYG=⮈=(=uܻ#X==Zɏ=~=#C^J==<c~?@=ݐ=w~\n0=ֽ\"=ؽi<%=j=B{<,d+=uER0ټׅ\Z=}Z~﮽S\0=ٞ=;{5N0Ƚ<Cf{QXQ<ww=4=󔩽^`s\n>==;ؼW i<O=z\'l={\"=.=bЕ<w=</=x=F;8_^N>=g3ұZ?=<lUUYj=_S/̽	Vͽx\'\\\\ɽK=Fg6V<_N=7X^T=i`´=}c=|=B\0>-jks/<:We&<~<ʟ!H=];<q(={p\Z=3Wֽ','2024-02-22 12:56:11','2024-02-22 12:56:11',NULL),
(19,101,'y3sllbrr8v','888',NULL,NULL,NULL,NULL,'\0D\0\0A~-ZC=/^}R= \"=)>ͽx<f;< ;O=3>^=9#p=(=g;\Z?+	M9*=	&D=[4<[=Z2;=Ѽ.j}=I*ѽ\r=i\06WaS5=;3v۽![탐<T;*5C=tؼ62濽_F#ҝO={νf<NQ%ɜ=}nY;д<\"<uE/=\n=V\r=qm=M\\=E\00R<|+<,-w)=h#&9ѯ>ϒ<nʬl\rNoqr$T=zCr=#9)ؼ*D)G<=P\ZSb]&^\'<!,<9M<;=`s\r>9<|~G<[C=gѫު޻Evg=éEm=3\n<Z;퀽WvC=U=P=onO<e=g=NC=嚧==.=\\~cň.uwB#ܬ<T>eѼʤ<َ=LY==J![<=Z&=;<TI5Ǟ=9=:%T#>~61ǽ`=]sOx;转<\"ͼP{T=?~y=:eg뻫|Y<ikC<7=:\Zz<Xm=j=9l=?Ѽ_ݽ#=\rg;+Q&/83=Z*H\"}VWr	nO=z<-)=N=!=#<&M;5$]V\'=2ֹ<=1$zV<B_WY!Z=^>ٕ= ;\rW\rP$ի&=&׉3g̽6J$\'|ew0L=Kʚޖ<׽s=:dF*==:f<h7>\"5N4~-&a=\Z=f&|(=dj<ky6p=<s/qL=K{sɽ','2024-02-22 15:04:10','2024-02-22 15:04:10',NULL),
(20,101,'9v27d4ogxc','1',NULL,NULL,NULL,NULL,'\0D\0\0A\r\0:8==)<\"=Gr=;<Y<1<y Z=>Ѡ&<<=qw;=f*=WC=T,.}hʃ<<W=B	P=HIFnے=7\0\0I<Rֽ<;qy8_5j=)N=v19y=̽~aI/r=t(=$`)&*x?h<e\"2E<qE,=p!=T(>G=\Z!D5<e@=V+˼TԼ?\\#E=꤅U)a	>RG<`A<\n~?veZu=z#ǽf==7^\n[:Հ<\"vֽW<Vʼ/;X&=C=ȋ=U`|=nAp<=N]7Β<Ԯt=UWLs=H ;=ڐ0=\r\"\\=Iļױ,)2=8=f;=B=,j=4>2̼9Ip<nh<b=,ŨЇ==d<=\Zg=0U<lg뼴Y=:3E<<?\nQJ<V|<zdTьc<=^ZuʀH5۽5=D$=z=6;*<Y>Y ԗýQ̐=ۅ<m=-=gxм?=T]<L=y<%Ⱦ:KA彁dgr0W^ɼD{i=z0=\'QtA=ü\'3j9I=Kz\'<p=:R<:#=u#=$=|=~q/p|Պl½@;=?Z<m=\r.cy*>>^b3=pdł=D,^=r=\"=:=\Z>xK;ĵڌ\n>oz=<N=Qa<\nc=O&y9Y>','2024-02-23 10:02:22','2024-02-23 10:02:22',NULL);

/*!40101 SET SQL_MODE=@OLD_SQL_MODE */;
/*!40014 SET FOREIGN_KEY_CHECKS=@OLD_FOREIGN_KEY_CHECKS */;
/*!40014 SET UNIQUE_CHECKS=@OLD_UNIQUE_CHECKS */;
/*!40111 SET SQL_NOTES=@OLD_SQL_NOTES */;
